{
	"added_date": "2008-03-12 20:37:46",
	"author": "Twain, Mark, 1835-1910",
	"bookplate_leaf": "0006",
	"call_number": "AND-3241",
	"camera": "Canon 5D",
	"collection": ["kellylibrary", "bannedbooks", "toronto"],
	"contributor": "Kelly - University of Toronto",
	"copyright-evidence": "Evidence reported by Marlete Kurten for item adventuresofhuck00twaiuoft on March 12, 2008: no visible notice of copyright; stated date is 1912.",
	"copyright-evidence-date": "20080312203737",
	"copyright-evidence-operator": "Marlete Kurten",
	"copyright-region": "US",
	"description": "31 43",
	"digitizing_sponsor": "MSN",
	"external-identifier": "urn:oclc:record:697631803[WorldCat (this item)]",
	"foldout_count": "0",
	"full_catalog_record": "MARCXML",	
	"identifier": "adventuresofhuck00twaiuoft",
	"identifier-ark": "ark:/13960/t8gf0tj0x",
	"language": "English",
	"notes": "some pages are torn.",
	"publication_date": "1912",
	"publisher": "New York : Harper",
	"title": "The Adventures of Huckleberry Finn : (Tom Sawyer's comrade)",
	"ocr": "ABBYY FineReader 8.0",
	"openlibrary_edition": "OL22843813M",
	"openlibrary_work": "OL53908W",
	"pages": "440",
	"ppi": "400",
	"scan_date": "20080314005412",
	"scanner": "scribe21",
	"scanning_center": "uoft",
	"usl_hit": "auto",
	"year": "1912"
}