{
	"added_date": "2011-04-27 17:21:51",
	"author": "Twain, Mark, 1835-1910",
	"bookplate_leaf": "0004",
	"call_number": "DDH9769",
	"camera": "Canon EOS 5D Mark II",
	"collection": ["americana", "bannedbooks"],
	"contributor": "Harold B. Lee Library",
	"description": "1",
	"digitizing_sponsor": "Brigham Young University",
	"foldout_count": "0",
	"full_catalog_record": "MARCXML",
	"identifier": "adventuresofhuck1904twai",
	"identifier-ark": "ark:/13960/t0ht3h98z",
	"language": "English",
	"publication_date": "1904",
	"publisher": "New York : Harper",
	"title": "The adventures of Huckleberry Finn (Tom Sawyer's comrade)",
	"ocr": "ABBYY FineReader 8.0",
	"openlibrary_edition": "OL24785142M",
	"openlibrary_work": "OL53908W",
	"page-progression": "lr",
	"pages": "388",
	"ppi": "400",
	"scan_date": "20110519191847",
	"scanner": "scribe4.provo.archive.org",
	"scanning_center": "provo",
	"usl_hit": "auto"
}