{
	"added_date": "2011-09-23 00:28:35",
	"author": "Twain, Mark",
	"bookplate_leaf": "0002",
	"camera": "Canon EOS 5D Mark II",
	"collection": ["urbanschool", "americana", "bannedbooks"],
	"contributor": "The Urban School of San Francisco",
	"description": "Illustrated",
	"digitizing_sponsor": "Internet Archive",
	"foldout_count": "0",
	"identifier": "adventuresofhuc00twai",
	"identifier-ark": "ark:/13960/t19k59t03",
	"language": "English",
	"ocr": "ABBYY FineReader 8.0",
	"openlibrary_edition": "OL31954988M",
	"openlibrary_subject": "openlibrary_staff_picks",
	"openlibrary_work": "OL53908W",
	"page-progression": "lr",
	"pages": "242",
	"ppi": "650",
	"publication_date": "1885",
	"publisher": "Picadilly Books, Ltd.",
	"scan_date": "20110923190715",
	"scanner": "scribe10.sanfrancisco.archive.org",
	"scanning_center": "sanfrancisco",
	"source": "inlibrary",
	"title": "The Adventures of Huckleberry Finn (Tom Sawyer's Comrade)",
	"usl_hit": "auto"
}