{
	"added_date": "2006-11-27 15:38:29",
	"author": "Twain, Mark, 1835-1910",
	"call_number": "srlf_ucla:LAGE-3212995",
	"camera": "5D",
	"collection": ["cdl", "yrlsc", "iacl", "americana", "bannedbooks"],
	"collection-library": "ucla_spec",	
	"contributor": "University of California Libraries",
	"copyright-evidence": "Evidence reported by alyson-wieczorek for item adventureshuckle00twaiiala on November 27, 2006: visible notice of copyright; stated date is 1884.",
	"copyright-evidence-date": "20061127153801",
	"copyright-evidence-operator": "alyson-wieczorek",
	"copyright-region": "US",
	"description": [
		"Spec. Coll. copy 1: Green cloth over boards, blocked in gold and black, in case. Ex libris Olive Percival. Gift of Jo Swerling",
		"Spec. Coll. copy 2: Brown roan; rebacked, in case. Gift of Dr. Stanley M. Bierman"
	],
	"digitizing_sponsor": "msn",
	"external-identifier": "urn:oclc:record:1038737784[WorldCat (this item)]",
	"foldout_count": "0",
	"full_catalog_record": "MARCXML",	
	"identifier": "adventureshuckle00twaiiala",
	"identifier-ark": "ark:/13960/t3cz3334b",
	"identifier-bib": "LAGE-3212995",
	"language": "English",
	"lcamid": "1020707125",
	"openlibrary_edition": "OL7244099M",
	"openlibrary_work": "OL53908W",
	"pages": "386",
	"possible_copyright_status": "NOT_IN_COPYRIGHT",
	"ppi": "500",		
	"publication_date": "1885",
	"publisher": "New York : C. L. Webster",
	"rcamid": "1020705224",
	"scan_date": "20061204160916",
	"scanner": "iala5",
	"scanning_center": "iala",
	"title": "Adventures of Huckleberry Finn (Tom Sawyer's comrade)...",
	"topics": ["Adventure and adventurers", "Mississippi River", "Juvenile literature", "Missouri", "Juvenile literature"]
}