{
	"added_date": "2015-03-12 15:57:10.523148",
	"author": "Twain, Mark, 1835-1910",
	"bookplate_leaf": "0004",
	"call_number": "b42382762",
	"camera": "Canon EOS 5D Mark II",
	"collection": ["prscr", "unclibraries", "americana", "bannedbooks"],
	"contributor": "University Library, University of North Carolina at Chapel Hill",
	"digitizing_sponsor": "University of North Carolina at Chapel Hill",
	"external-identifier": "urn:oclc:record:999606735[WorldCat (this item)]",
	"foldout_count": "0",
	"full_catalog_record": "MARCXML",	
	"identifier": "adventuresofhuck00twai_9",
	"identifier-ark": "ark:/13960/t82j9rr2g",
	"invoice": "39",	
	"language": "English",
	"ocr": "ABBYY FineReader 9.0",
	"openlibrary_edition": "OL25668834M",
	"openlibrary_work": "OL53908W",
	"publication_date": "1912",
	"publisher": "New York : P.F. Collier",
	"title": "The adventures of Huckleberry Finn : (Tom Sawyer's comrade)"
}