{
	"added_date": "2012-01-17 19:20:02",
	"allow_jpgs": "true",
	"call_number": "CIHM 50160",
	"city": "Montreal",
	"collection": ["university_of_alberta_libraries_microfilm", "university_of_alberta_libraries", "toronto", "microfilm", "additional_collections", "bannedbooks"],
	"contributor": "Canadiana.org",
	"description": ["With one hundred and seventy-four illustrations.", "Filmed from a copy of the original publication held by the Thomas Fisher Rare Book Library, University of Toronto Library","43"],
	"digitizing_sponsor": "University of Alberta Libraries",
	"external-identifier": "urn:oclc:record:1041989172[WorldCat (this item)]",
	"foldout_count": "0",
	"full_catalog_record": "MARCXML",
	"identifier": "cihm_50160",
	"identifier-ark": "ark:/13960/t55d9w26t",
	"isbn": "0665501609",
	"language": "English",
	"notes": "Film/Fiche is presented as originally captured.",
	"ocr": "ABBYY FineReader 8.0",
	"publication_date": "1885",
	"publisher": "Montreal : Dawson",
	"title":"Adventures of Huckleberry Finn (Tom Sawyer's comrade) [microform] : scene; the Mississippi valley, time; forty to fifty years ago by Twain, Mark, 1835-1910",
	"openlibrary_edition": "OL25168716M",
	"openlibrary_work": "OL53908W",
	"page-progression": "lr",
	"pages": "382",
	"ppi": "300",
	"scan_date": "20120203212235",
	"scanner": "microfiche01.alberta.archive.org",
	"scanning_center": "alberta",
	"worldcat_source_edition": "16890194"
}