{
	"added_date": "2020-10-08 23:56:28",
	"author": "Twain Mark",
	"collection": ["digitallibraryindia", "JaiGyan"],
	"date_accessioned": "6/24/2015 0:38",
	"description": "The Digital Library of India was a project under the auspices of the Government of India.",
	"identifier": "dli.ernet.14052",
	"identifier-ark": "ark:/13960/t8bh2528v",
	"language": "English",
	"ocr": "ABBYY FineReader 11.0 (Extended OCR)",
	"openlibrary_edition": "OL31443113M",
	"openlibrary_work": "OL53908W",
	"page_number_confidence": "98.45",
	"ppi": "600",
	"publication_date": "1926",
	"publisher": "George G. Harrap and Company Ltd. London",
	"scanner": "Internet Archive Python library 1.9.5",
	"scanning_centre": ["C-DAC", "Noida"],
	"source": "Digital Library of India",
	"source_library": "Central Library, Bits-Pilani",
	"title": "The Adventures Of Huckleberry Finn",
	"topics": ["C-DAC", "Noida", "DLI Top-Up"],
	"year": "1926"
}