{
	"added_date": "2020-10-21 23:22:53",
	"author": "Twain, Mark",
	"collection": ["digitallibraryindia", "JaiGyan"],
	"date_accessioned": "9/22/2015 20:46",
	"description": "The Digital Library of India was a project under the auspices of the Government of India.",
	"identifier": "dli.ernet.470159",
	"identifier-ark ark": "/13960/t3b08xj60",
	"language": "English",
	"ocr": "ABBYY FineReader 11.0 (Extended OCR)",
	"page_number_confidence": "95.46",
	"ppi": "96",
	"publication_date": "1910",
	"publisher": "Chatto and Windus, London",
	"scanner": "Internet Archive Python library 1.9.5",
	"scanning_centre": "Allama Iqbal Library, University of Kashmir",
	"source": "Digital Library of India",
	"source_library": "S.p College, Srinagar",
	"title": "The Adventures Of Huckleberry Finn",
	"topics": ["Language", "Linguistics", "Literature", "Allama Iqbal Library", "University of Kashmir", "DLI Top-Up"]
}