<?xml version="1.0" encoding="UTF-8"?>
<Comments>
    <Comment ID="EA0D4A09-BAC0-455A-90E4-BB269E1A117E" Author="Jonathan Armoza" Color="0.891221 1.0 0.839521"><![CDATA[{\rtf1\ansi\ansicpg1252\cocoartf1671\cocoasubrtf600
{\fonttbl\f0\fswiss\fcharset0 Helvetica;}
{\colortbl;\red255\green255\blue255;}
{\*\expandedcolortbl;;}
\pard\tx560\tx1120\tx1680\tx2240\tx2800\tx3360\tx3920\tx4480\tx5040\tx5600\tx6160\tx6720\pardirnatural\partightenfactor0

\f0\fs24 \cf0 Jonathan Armoza 2019-10-29, 1:36 PM Cite example(s) here}]]></Comment>
    <Comment ID="1DFC4916-58A0-43C5-9F42-E74C463E9352" Author="Jonathan Armoza" Footnote="Yes" Color="0.949769 0.949769 0.949769"><![CDATA[{\rtf1\ansi\ansicpg1252\cocoartf1671\cocoasubrtf600
{\fonttbl\f0\fswiss\fcharset0 Helvetica;\f1\fswiss\fcharset0 Helvetica-Oblique;}
{\colortbl;\red255\green255\blue255;}
{\*\expandedcolortbl;;}
\pard\tx560\tx1120\tx1680\tx2240\tx2800\tx3360\tx3920\tx4480\tx5040\tx5600\tx6160\tx6720\pardirnatural\partightenfactor0

\f0\fs24 \cf0 Sebastian-Coleman, Laura. 
\f1\i Measuring Data Quality for Ongoing Improvement
\f0\i0 . Waltham, MA, Morgan Kaufmann, 2013.}]]></Comment>
    <Comment ID="896E5B45-619E-45DC-A408-2523906C9F1B" Author="Jonathan Armoza" Footnote="Yes" Color="0.949769 0.949769 0.949769"><![CDATA[{\rtf1\ansi\ansicpg1252\cocoartf1671\cocoasubrtf600
{\fonttbl\f0\fswiss\fcharset0 Helvetica;}
{\colortbl;\red255\green255\blue255;}
{\*\expandedcolortbl;;}
\pard\tx560\tx1120\tx1680\tx2240\tx2800\tx3360\tx3920\tx4480\tx5040\tx5600\tx6160\tx6720\pardirnatural\partightenfactor0

\f0\fs24 \cf0 If reading about a healthcare information scientist in the beginning of a work on literary modeling seems askew \'96 stay tuned.}]]></Comment>
    <Comment ID="E6BA9DC5-9540-4627-92D7-A7337D0904F0" Author="Jonathan Armoza" Footnote="Yes" Color="0.949769 0.949769 0.949769"><![CDATA[{\rtf1\ansi\ansicpg1252\cocoartf1671\cocoasubrtf600
{\fonttbl\f0\fswiss\fcharset0 Helvetica;}
{\colortbl;\red255\green255\blue255;}
{\*\expandedcolortbl;;}
\pard\tx560\tx1120\tx1680\tx2240\tx2800\tx3360\tx3920\tx4480\tx5040\tx5600\tx6160\tx6720\pardirnatural\partightenfactor0

\f0\fs24 \cf0 I told you it would seem almost not worth mentioning. }]]></Comment>
    <Comment ID="8DFD8927-C8BE-4B4B-ACAE-44F58888E93C" Author="Jonathan Armoza" Color="0.891221 1.0 0.839521"><![CDATA[{\rtf1\ansi\ansicpg1252\cocoartf1671\cocoasubrtf600
{\fonttbl\f0\fswiss\fcharset0 Helvetica;}
{\colortbl;\red255\green255\blue255;}
{\*\expandedcolortbl;;}
\pard\tx560\tx1120\tx1680\tx2240\tx2800\tx3360\tx3920\tx4480\tx5040\tx5600\tx6160\tx6720\pardirnatural\partightenfactor0

\f0\fs24 \cf0 Jonathan Armoza 2019-10-29, 4:14 PM Seek citation}]]></Comment>
    <Comment ID="F845EC14-06D3-4BE2-A850-16A3D0BC42A7" Author="Jonathan Armoza" Color="0.891221 1.0 0.839521"><![CDATA[{\rtf1\ansi\ansicpg1252\cocoartf1671\cocoasubrtf600
{\fonttbl\f0\fswiss\fcharset0 Helvetica;}
{\colortbl;\red255\green255\blue255;}
{\*\expandedcolortbl;;}
\pard\tx560\tx1120\tx1680\tx2240\tx2800\tx3360\tx3920\tx4480\tx5040\tx5600\tx6160\tx6720\pardirnatural\partightenfactor0

\f0\fs24 \cf0 Jonathan Armoza 2019-10-29, 4:22 PM Cite examples of such noise and error based reasoning}]]></Comment>
</Comments>