<?xml version="1.0" encoding="UTF-8"?>
<Styles>
    <Style Name="Title" ID="D26CB1AC-B3D3-416E-8DCC-05E177C18601" Type="Para+Char" FontChange="Size">
        <Format><![CDATA[{\rtf1\ansi\ansicpg1252\cocoartf1671\cocoasubrtf600
{\fonttbl\f0\froman\fcharset0 Palatino-Roman;}
{\colortbl;\red255\green255\blue255;}
{\*\expandedcolortbl;;}
\pard\tx560\tx1120\tx1680\tx2240\tx2800\tx3360\tx3920\tx4480\tx5040\tx5600\tx6160\tx6720\sl264\slmult1\sb260\pardirnatural\partightenfactor0

\f0\fs56 \cf0 <$ScrKeepWithNext>Attributes}]]></Format>
    </Style>
    <Style Name="Heading 1" ID="A05D7F44-C51C-4158-95D2-FC315A840A26" Type="Para+Char" FontChange="Size" Shortcut="4">
        <Format><![CDATA[{\rtf1\ansi\ansicpg1252\cocoartf1671\cocoasubrtf600
{\fonttbl\f0\fswiss\fcharset0 Helvetica;\f1\froman\fcharset0 Palatino-Bold;}
{\colortbl;\red255\green255\blue255;}
{\*\expandedcolortbl;;}
\pard\tx560\tx1120\tx1680\tx2240\tx2800\tx3360\tx3920\tx4480\tx5040\tx5600\tx6160\tx6720\sl264\slmult1\sb260\pardirnatural\partightenfactor0

\f0\fs24 \cf0 <$ScrKeepWithNext><$Scr_H::1>
\f1\b\fs36 Attributes
\f0\b0\fs24 <!$Scr_H::1>}]]></Format>
    </Style>
    <Style Name="Heading 2" ID="3CE61EED-0A83-4F3A-A0A6-E43924B69E4D" Type="Para+Char" FontChange="Size" Shortcut="5">
        <Format><![CDATA[{\rtf1\ansi\ansicpg1252\cocoartf1671\cocoasubrtf600
{\fonttbl\f0\fswiss\fcharset0 Helvetica;\f1\froman\fcharset0 Palatino-Bold;}
{\colortbl;\red255\green255\blue255;}
{\*\expandedcolortbl;;}
\pard\tx560\tx1120\tx1680\tx2240\tx2800\tx3360\tx3920\tx4480\tx5040\tx5600\tx6160\tx6720\sl264\slmult1\sb260\pardirnatural\partightenfactor0

\f0\fs24 \cf0 <$ScrKeepWithNext><$Scr_H::2>
\f1\b\fs26 Attributes
\f0\b0\fs24 <!$Scr_H::2>}]]></Format>
    </Style>
    <Style Name="Centered Text" ID="9E504693-5ADB-4400-A595-ADB99BF5CD4E" Type="Para" Shortcut="1">
        <Format><![CDATA[{\rtf1\ansi\ansicpg1252\cocoartf1671\cocoasubrtf600
{\fonttbl\f0\froman\fcharset0 Palatino-Roman;}
{\colortbl;\red255\green255\blue255;}
{\*\expandedcolortbl;;}
\pard\tx360\tx720\tx1080\tx1440\tx1800\tx2160\tx2880\tx3600\tx4320\sl264\slmult1\pardirnatural\qc\partightenfactor0

\f0\fs26 \cf0 Attributes}]]></Format>
    </Style>
    <Style Name="Block Quote" ID="FBD5C785-BEB5-4398-B25F-D9C8041D96F1" Type="Para" FontChange="Size" Shortcut="2">
        <Format><![CDATA[{\rtf1\ansi\ansicpg1252\cocoartf1671\cocoasubrtf600
{\fonttbl\f0\froman\fcharset0 Palatino-Roman;}
{\colortbl;\red255\green255\blue255;}
{\*\expandedcolortbl;;}
\pard\tx720\tx1080\tx1440\li720\sl264\slmult1\sb240\sa240\pardirnatural\partightenfactor0

\f0\fs24 \cf0 Attributes}]]></Format>
    </Style>
    <Style Name="Attribution" ID="8DF10E50-29D6-4EBA-B2F6-0BA859BCB13A" Type="Para" FontChange="Size" Shortcut="">
        <Format><![CDATA[{\rtf1\ansi\ansicpg1252\cocoartf1671\cocoasubrtf600
{\fonttbl\f0\froman\fcharset0 Palatino-Roman;}
{\colortbl;\red255\green255\blue255;}
{\*\expandedcolortbl;;}
\pard\tx720\tx1080\tx1440\li720\sl264\slmult1\sa240\pardirnatural\qr\partightenfactor0

\f0\fs24 \cf0 Attributes}]]></Format>
    </Style>
    <Style Name="Code Block" ID="E20E66F6-9907-402A-9277-1240C3E60FEB" Type="Para+Char" FontChange="Face+Size" Next="E20E66F6-9907-402A-9277-1240C3E60FEB">
        <Format><![CDATA[{\rtf1\ansi\ansicpg1252\cocoartf1671\cocoasubrtf600
{\fonttbl\f0\fnil\fcharset0 Menlo-Regular;}
{\colortbl;\red255\green255\blue255;}
{\*\expandedcolortbl;;}
\pard\tx720\tx1080\tx1440\tx1800\tx2160\li720\pardirnatural\partightenfactor0

\f0\fs22 \cf0 Attributes}]]></Format>
    </Style>
    <Style Name="Verse" ID="6F53DBD0-DF0B-48BD-A8C7-95D6A779E0A2" Type="Para" FontChange="Size" Next="6F53DBD0-DF0B-48BD-A8C7-95D6A779E0A2">
        <Format><![CDATA[{\rtf1\ansi\ansicpg1252\cocoartf1671\cocoasubrtf600
{\fonttbl\f0\froman\fcharset0 Palatino-Roman;}
{\colortbl;\red255\green255\blue255;}
{\*\expandedcolortbl;;}
\pard\sl264\slmult1\pardirnatural\qc\partightenfactor0

\f0\fs24 \cf0 Attributes}]]></Format>
    </Style>
    <Style Name="Code Span" ID="A15C095C-5EA1-4539-AB67-10A8B4F16166" Type="Char" FontChange="Face+Size">
        <Format><![CDATA[{\rtf1\ansi\ansicpg1252\cocoartf1671\cocoasubrtf600
{\fonttbl\f0\fnil\fcharset0 Menlo-Regular;}
{\colortbl;\red255\green255\blue255;}
{\*\expandedcolortbl;;}
\pard\tx720\tx1080\tx1440\tx1800\tx2160\li720\pardirnatural\partightenfactor0

\f0\fs22 \cf0 Attributes}]]></Format>
    </Style>
    <Style Name="Caption" ID="5D98199B-CB5C-4C68-98CD-7D076E9A04F3" Type="Para" FontChange="Size" Shortcut="3">
        <Format><![CDATA[{\rtf1\ansi\ansicpg1252\cocoartf1671\cocoasubrtf600
{\fonttbl\f0\froman\fcharset0 Palatino-Roman;}
{\colortbl;\red255\green255\blue255;}
{\*\expandedcolortbl;;}
\pard\tx560\tx1120\tx1680\tx2240\tx2800\tx3360\tx3920\tx4480\tx5040\tx5600\tx6160\tx6720\sl264\slmult1\sa160\pardirnatural\qc\partightenfactor0

\f0\fs26 \cf0 Attributes}]]></Format>
    </Style>
    <Style Name="Emphasis" ID="6A985518-B63A-45F3-9B7D-CBE4A6E4743A" Type="Char">
        <Format><![CDATA[{\rtf1\ansi\ansicpg1252\cocoartf1671\cocoasubrtf600
{\fonttbl\f0\froman\fcharset0 Palatino-Italic;}
{\colortbl;\red255\green255\blue255;}
{\*\expandedcolortbl;;}
\pard\tx360\tx720\tx1080\tx1440\tx1800\tx2160\tx2880\tx3600\tx4320\fi360\sl264\slmult1\pardirnatural\partightenfactor0

\f0\i\fs26 \cf0 Attributes}]]></Format>
    </Style>
    <Style Name="Body" ID="E8B0FB3A-7340-4E4A-B875-1F867CFC5149" Type="Para+Char" FontChange="Face+Size">
        <Format><![CDATA[{\rtf1\ansi\ansicpg1252\cocoartf1671\cocoasubrtf600
{\fonttbl\f0\froman\fcharset0 Palatino-Roman;}
{\colortbl;\red255\green255\blue255;}
{\*\expandedcolortbl;;}
\pard\tx560\tx1120\tx1800\tx2160\tx2880\tx3600\tx4320\sl264\slmult1\pardirnatural\partightenfactor0

\f0\fs24 \cf0 Attributes}]]></Format>
    </Style>
</Styles>