<?xml version="1.0" encoding="UTF-8"?>
<WritingHistory>
    <Day dwc="216" dcc="1364" dtwc="216" owc="0" occ="0" dtcc="1364">2019-01-03</Day>
    <Day dwc="121" dcc="700" dtwc="337" owc="0" occ="0" dtcc="2064">2019-01-04</Day>
    <Day dwc="0" dcc="0" dtwc="0" owc="671" occ="4660" dtcc="0">2019-02-07</Day>
    <Day dwc="37" dcc="241" dtwc="374" owc="961" occ="6439" dtcc="2305">2019-02-11</Day>
    <Day dwc="85" dcc="636" dtwc="0" owc="0" occ="0" dtcc="0">2019-02-12</Day>
    <Day dwc="87" dcc="608" dtwc="546" owc="0" occ="0" dtcc="3549">2019-02-14</Day>
    <Day dwc="36" dcc="245" owc="0" occ="0">2019-02-15</Day>
    <Day dwc="84" dcc="551" dtwc="954" owc="0" occ="0" dtcc="6235">2019-03-20</Day>
    <Day dwc="71" dcc="493" dtwc="0" owc="0" occ="0" dtcc="0">2019-03-21</Day>
    <Day dwc="347" dcc="2155" dtwc="1372" owc="0" occ="0" dtcc="8883">2019-03-27</Day>
    <Day dwc="0" dcc="0" dtwc="1372" owc="97" occ="600" dtcc="8883">2019-04-08</Day>
    <Day dwc="0" dcc="0" dtwc="0" owc="102" occ="742" dtcc="0">2019-04-09</Day>
    <Day dwc="175" dcc="1045" dtwc="0" owc="0" occ="0" dtcc="0">2019-04-15</Day>
    <Day dwc="0" dcc="0" owc="33" occ="220">2019-04-19</Day>
    <Day dwc="154" dcc="997" dtwc="0" owc="0" occ="0" dtcc="0">2019-04-25</Day>
    <Day dwc="52" dcc="273" dtwc="1753" owc="0" occ="0" dtcc="11198">2019-05-02</Day>
    <Day dwc="219" dcc="1306" dtwc="0" owc="0" occ="0" dtcc="0">2019-05-04</Day>
    <Day dwc="295" dcc="1762" dtwc="0" owc="0" occ="0" dtcc="0">2019-05-13</Day>
    <Day dwc="591" dcc="3688" dtwc="2858" owc="0" occ="0" dtcc="17954">2019-05-14</Day>
    <Day dwc="12" dcc="102" dtwc="2870" owc="0" occ="0" dtcc="18056">2019-05-16</Day>
    <Day dwc="164" dcc="1019" dtwc="0" owc="0" occ="0" dtcc="0">2019-05-17</Day>
    <Day dwc="84" dcc="547" dtwc="3118" owc="0" occ="0" dtcc="19622">2019-05-21</Day>
    <Day dwc="234" dcc="1558" dtwc="3352" owc="684" occ="4670" dtcc="21180">2019-05-23</Day>
    <Day dwc="84" dcc="574" dtwc="3436" owc="0" occ="0" dtcc="21754">2019-05-27</Day>
    <Day dwc="842" dcc="5341" dtwc="0" owc="0" occ="0" dtcc="0">2019-05-28</Day>
    <Day dwc="1212" dcc="7899" dtwc="0" owc="0" occ="0" dtcc="0">2019-05-30</Day>
    <Day dwc="250" dcc="1674" dtwc="5740" owc="0" occ="0" dtcc="36668">2019-06-03</Day>
    <Day dwc="21" dcc="157" dtwc="5761" owc="0" occ="0" dtcc="36825">2019-06-04</Day>
    <Day dwc="5" dcc="28" dtwc="5766" owc="0" occ="0" dtcc="36853">2019-06-06</Day>
    <Day dwc="34" dcc="231" dtwc="0" owc="0" occ="0" dtcc="0">2019-06-10</Day>
    <Day dwc="131" dcc="872" dtwc="0" owc="0" occ="0" dtcc="0">2019-06-17</Day>
    <Day dwc="441" dcc="2550" dtwc="0" owc="0" occ="0" dtcc="0">2019-07-16</Day>
    <Day dwc="91" dcc="607" dtwc="0" owc="0" occ="0" dtcc="0">2019-07-22</Day>
    <Day dwc="436" dcc="2848" dtwc="6899" owc="0" occ="0" dtcc="43961">2019-07-29</Day>
    <Day dwc="18" dcc="144" dtwc="6917" owc="0" occ="0" dtcc="44105">2019-07-30</Day>
    <Day dwc="619" dcc="3908" dtwc="7536" owc="0" occ="0" dtcc="48013">2019-08-01</Day>
    <Day dwc="339" dcc="2138" dtwc="7875" owc="0" occ="0" dtcc="50151">2019-08-12</Day>
    <Day dwc="681" dcc="4075" dtwc="8556" owc="0" occ="0" dtcc="54226">2019-08-15</Day>
    <Day dwc="144" dcc="859" owc="0" occ="0">2019-08-19</Day>
    <Day dwc="420" dcc="2529" dtwc="9120" owc="0" occ="0" dtcc="57614">2019-09-11</Day>
    <Day dwc="99" dcc="663" dtwc="9219" owc="0" occ="0" dtcc="58277">2019-10-15</Day>
    <Day dwc="33" dcc="167" dtwc="9252" owc="0" occ="0" dtcc="58444">2019-10-16</Day>
    <Day dwc="6" dcc="39" owc="0" occ="0">2019-10-17</Day>
    <Day dwc="0" dcc="2" dtwc="0" owc="0" occ="0" dtcc="0">2019-10-21</Day>
    <Day dwc="1218" dcc="7465" dtwc="0" owc="0" occ="0" dtcc="0">2019-10-23</Day>
    <Day dwc="846" dcc="5320" dtwc="11322" owc="0" occ="0" dtcc="71270">2019-10-29</Day>
    <Day dwc="1" dcc="9" dtwc="11323" owc="0" occ="0" dtcc="71279">2019-10-30</Day>
    <Day dwc="-3" dcc="-7" dtwc="0" owc="0" occ="0" dtcc="0">2019-10-31</Day>
    <Day dwc="234" dcc="1358" dtwc="11554" owc="0" occ="0" dtcc="72630">2019-11-04</Day>
    <Day dwc="70" dcc="415" dtwc="11624" owc="0" occ="0" dtcc="73045">2019-11-05</Day>
    <Day dwc="594" dcc="3659" dtwc="12218" owc="0" occ="0" dtcc="76704">2019-11-06</Day>
    <Day dwc="166" dcc="1106" dtwc="12384" owc="0" occ="0" dtcc="77810">2019-11-07</Day>
    <Day dwc="45" dcc="310" dtwc="12429" owc="0" occ="0" dtcc="78120">2019-11-08</Day>
    <Day dwc="0" dcc="-1" owc="0" occ="0">2019-11-11</Day>
    <Day dwc="186" dcc="1307" dtwc="0" owc="0" occ="0" dtcc="0">2019-11-20</Day>
    <Day dwc="100" dcc="768" dtwc="12715" owc="0" occ="0" dtcc="80194">2019-11-25</Day>
    <Day dwc="85" dcc="492" dtwc="12800" owc="0" occ="0" dtcc="80686">2019-11-26</Day>
    <Day dwc="0" dcc="4" owc="0" occ="0">2019-12-06</Day>
    <Day dwc="1027" dcc="6527" owc="0" occ="0">2019-12-09</Day>
    <Day dwc="134" dcc="848" owc="0" occ="0">2019-12-18</Day>
    <Day dwc="2535" dcc="18082" owc="0" occ="0">2020-02-12</Day>
    <Day dwc="0" dcc="0" dtwc="16496" owc="366" occ="2258" dtcc="106147">2020-03-09</Day>
    <Day dwc="0" dcc="0" owc="14" occ="102">2020-03-11</Day>
    <Day dwc="521" dcc="3297" dtwc="17017" owc="0" occ="0" dtcc="109444">2020-08-14</Day>
    <Day dwc="267" dcc="1762" dtwc="17284" owc="0" occ="0" dtcc="111206">2020-09-11</Day>
    <Day dwc="0" dcc="1" owc="0" occ="0">2020-11-17</Day>
    <Day dwc="5751" dcc="37885" dtwc="0" owc="0" occ="0" dtcc="0">2020-12-18</Day>
    <Day dwc="53" dcc="328" dtwc="23127" owc="0" occ="0" dtcc="149628">2020-12-22</Day>
    <Day dwc="338" dcc="2001" dtwc="23465" owc="0" occ="0" dtcc="151629">2020-12-29</Day>
    <Day dwc="-1" dcc="-4" owc="0" occ="0">2021-01-04</Day>
    <Day dwc="0" dcc="0" dtwc="0" owc="-1" occ="-2" dtcc="0">2021-01-13</Day>
    <Day dwc="704" dcc="4286" dtwc="24168" owc="0" occ="0" dtcc="155911">2021-01-14</Day>
    <Day dwc="39" dcc="250" owc="0" occ="0">2021-01-15</Day>
    <Day dwc="0" dcc="0" dtwc="9891" owc="21" occ="145" dtcc="61828">2021-01-22</Day>
    <Day dwc="0" dcc="0" dtwc="0" owc="92" occ="164" dtcc="0">2021-01-25</Day>
    <Day dwc="8" dcc="44" owc="0" occ="0">2021-01-26</Day>
    <Day dwc="0" dcc="0" dtwc="9899" owc="169" occ="1145" dtcc="61872">2021-01-28</Day>
    <Day dwc="2026" dcc="12334" dtwc="11925" owc="0" occ="0" dtcc="74206">2021-01-29</Day>
    <Day dwc="70" dcc="370" dtwc="11995" owc="0" occ="0" dtcc="74576">2021-02-01</Day>
    <Day dwc="2752" dcc="17600" dtwc="0" owc="0" occ="0" dtcc="0">2021-02-02</Day>
    <Day dwc="0" dcc="1" dtwc="14747" owc="0" occ="0" dtcc="92172">2021-02-03</Day>
    <Day dwc="0" dcc="4" dtwc="14747" owc="0" occ="0" dtcc="92176">2021-02-04</Day>
    <Day dwc="112" dcc="683" dtwc="14859" owc="0" occ="0" dtcc="92859">2021-02-05</Day>
    <Day dwc="721" dcc="4613" dtwc="15580" owc="0" occ="0" dtcc="97472">2021-02-06</Day>
    <Day dwc="959" dcc="6144" dtwc="16539" owc="0" occ="0" dtcc="103616">2021-02-09</Day>
    <Day dwc="614" dcc="3674" dtwc="17153" owc="0" occ="0" dtcc="107290">2021-03-01</Day>
    <Day dwc="0" dcc="0" dtwc="17153" owc="218" occ="1742" dtcc="107290">2021-03-05</Day>
    <Day dwc="0" dcc="0" dtwc="0" owc="3195" occ="21327" dtcc="0">2021-03-06</Day>
    <Day dwc="0" dcc="0" owc="244" occ="1715">2021-03-07</Day>
    <Day dwc="0" dcc="1" dtwc="0" owc="0" occ="0" dtcc="0">2021-03-12</Day>
    <Day dwc="631" dcc="3781" dtwc="17784" owc="0" occ="0" dtcc="111072">2021-03-16</Day>
    <Day dwc="41" dcc="322" dtwc="17825" owc="0" occ="0" dtcc="111394">2021-03-17</Day>
    <Day dwc="36" dcc="264" dtwc="17861" owc="0" occ="0" dtcc="111658">2021-03-18</Day>
    <Day dwc="0" dcc="-1" dtwc="17861" owc="0" occ="0" dtcc="111657">2021-04-14</Day>
    <Day dwc="18" dcc="102" dtwc="17879" owc="0" occ="0" dtcc="111759">2021-04-16</Day>
    <Day dwc="72" dcc="457" dtwc="0" owc="0" occ="0" dtcc="0">2021-04-19</Day>
    <Day dwc="2" dcc="13" owc="0" occ="0">2021-04-20</Day>
    <Day dwc="48" dcc="303" dtwc="18001" owc="0" occ="0" dtcc="112532">2021-09-29</Day>
    <Day dwc="162" dcc="1208" dtwc="0" owc="0" occ="0" dtcc="0">2021-09-30</Day>
    <Day dwc="0" dcc="4" owc="0" occ="0">2021-10-02</Day>
    <Day dwc="202" dcc="1242" dtwc="18437" owc="0" occ="0" dtcc="115533">2021-10-09</Day>
    <Day dwc="279" dcc="1599" dtwc="18716" owc="0" occ="0" dtcc="117132">2021-10-15</Day>
    <Day dwc="57" dcc="329" dtwc="18773" owc="0" occ="0" dtcc="117461">2021-10-16</Day>
    <Day dwc="15" dcc="83" dtwc="0" owc="0" occ="0" dtcc="0">2021-11-16</Day>
    <Day dwc="20" dcc="124" dtwc="0" owc="0" occ="0" dtcc="0">2021-11-19</Day>
    <Day dwc="531" dcc="3396" dtwc="19339" owc="0" occ="0" dtcc="121064">2021-12-05</Day>
    <Day dwc="14" dcc="102" dtwc="19353" owc="0" occ="0" dtcc="121166">2021-12-06</Day>
    <Day dwc="26" dcc="175" dtwc="19379" owc="0" occ="0" dtcc="121341">2021-12-08</Day>
    <Day dwc="106" dcc="626" dtwc="19485" owc="0" occ="0" dtcc="121967">2021-12-10</Day>
    <Day dwc="10" dcc="70" dtwc="19495" owc="0" occ="0" dtcc="122037">2021-12-13</Day>
    <Day dwc="1612" dcc="9736" dtwc="21107" owc="0" occ="0" dtcc="131773">2021-12-19</Day>
    <Day dwc="1629" dcc="10208" dtwc="22736" owc="0" occ="0" dtcc="141981">2021-12-20</Day>
    <Day dwc="864" dcc="5461" dtwc="23600" owc="0" occ="0" dtcc="147442">2021-12-23</Day>
    <Day dwc="332" dcc="1923" dtwc="23932" owc="0" occ="5" dtcc="149365">2021-12-28</Day>
    <Day dwc="806" dcc="5285" dtwc="24738" owc="0" occ="0" dtcc="154650">2022-01-04</Day>
    <Day dwc="751" dcc="4441" dtwc="0" owc="0" occ="0" dtcc="0">2022-01-12</Day>
    <Day dwc="47" dcc="295" dtwc="0" owc="0" occ="0" dtcc="0">2022-01-16</Day>
    <Day dwc="11" dcc="58" dtwc="0" owc="0" occ="0" dtcc="0">2022-01-17</Day>
    <Day dwc="11" dcc="74" owc="0" occ="0">2022-01-25</Day>
</WritingHistory>