<?xml version="1.0" encoding="UTF-8"?>
<CompileSettings>
    <ProjectSettings>
        <Content Scope="Included">
            <Filter State="Off" Exclude="No" Type="Label">
                <Label>-1</Label>
                <Status>-1</Status>
            </Filter>
        </Content>
        <Options>
            <RemoveComments>Yes</RemoveComments>
            <RemoveAnnotations>Yes</RemoveAnnotations>
            <ConvertTablesAndListToMMD>Yes</ConvertTablesAndListToMMD>
            <Scriptwriting>
                <IncludeTitles>Yes</IncludeTitles>
                <IncludeSynopses>Yes</IncludeSynopses>
                <CommentsAsScriptNotes>Yes</CommentsAsScriptNotes>
            </Scriptwriting>
            <Ebook>
                <StartAfterFrontMatter>Yes</StartAfterFrontMatter>
                <Cover>
                    <ImageDocument Source="FrontMatter"></ImageDocument>
                    <Title>Cover</Title>
                    <SVG Width="600" Height="800"><![CDATA[]]></SVG>
                </Cover>
                <TOC PandocDepth="3">
                    <HTML Generate="Yes">
                        <Title>Contents</Title>
                    </HTML>
                </TOC>
            </Ebook>
        </Options>
        <MetaData>
            <ProjectTitle>The Art of Literary Modeling</ProjectTitle>
            <ProjectAbbreviatedTitle>The Art of Literary Modeling</ProjectAbbreviatedTitle>
            <Authors>
                <Author FileAs="Armoza, Jonathan" Role="aut">Jonathan Armoza</Author>
            </Authors>
            <Surname>Armoza</Surname>
            <Forename>Jonathan</Forename>
            <EbookLanguage>en</EbookLanguage>
            <FountainTitlePageMetaData>
                <Value Key="Title"><![CDATA[<$projecttitle>]]></Value>
                <Value Key="Author"><![CDATA[<$author>]]></Value>
            </FountainTitlePageMetaData>
            <MMDMetaData>
                <Value Key="Title"><![CDATA[<$projecttitle>]]></Value>
                <Value Key="Author"><![CDATA[<$author>]]></Value>
            </MMDMetaData>
        </MetaData>
    </ProjectSettings>
    <CurrentFileType>Print</CurrentFileType>
    <FormatSettings>
        <Format ID="DEFAULT">
            <SectionLayouts>
                <Type ID="E1A7DF4E-73C9-4044-802B-1504104A5693">NEW-PAGE-HEADER-WITH-TEXT</Type>
                <Type ID="C298232D-411F-4B13-835E-A50D58521019">TEXT-SECTION</Type>
            </SectionLayouts>
        </Format>
    </FormatSettings>
    <LastUsedFormats></LastUsedFormats>
</CompileSettings>