<?xml version="1.0" encoding="UTF-8"?>
<Favorites Version="1.0">
    <MoveTo>
        <Recent>
            <UUID Date="2021-01-22 17:09:25 -0500">69D12EF2-7A3B-4EC5-A003-73B11A649DF6</UUID>
            <UUID Date="2021-01-22 16:43:48 -0500">10F4354D-3A7C-4644-89D4-E78F142817EF</UUID>
        </Recent>
        <Popular>
            <UUID Used="6" Date="2021-01-22 16:43:48 -0500">10F4354D-3A7C-4644-89D4-E78F142817EF</UUID>
            <UUID Used="3" Date="2021-01-22 16:42:40 -0500">B738603E-CE2E-4700-A0AB-92F6EA7954B5</UUID>
            <UUID Used="2" Date="2021-01-22 17:09:25 -0500">69D12EF2-7A3B-4EC5-A003-73B11A649DF6</UUID>
            <UUID Used="1" Date="2021-01-22 16:43:36 -0500">3B116937-F8ED-4618-9C42-921840D97210</UUID>
            <UUID Used="1" Date="2021-01-22 16:42:22 -0500">FF5E41C3-0DCD-405D-8932-F698FE9E37EA</UUID>
            <UUID Used="1" Date="2021-01-22 16:42:08 -0500">2CEF044D-4177-4F1F-B71E-720B068C2C07</UUID>
            <UUID Used="1" Date="2021-01-22 16:40:52 -0500">0E12CCA9-694F-4388-8C9C-D4C77AF249AA</UUID>
            <UUID Used="1" Date="2021-01-22 16:37:00 -0500">01F9112D-698D-4475-8672-C59BD572132A</UUID>
        </Popular>
    </MoveTo>
</Favorites>