<?xml version="1.0" encoding="UTF-8"?>
<UIStates>
    <Binder Show="Yes">
        <ShowCollections>No</ShowCollections>
        <SelectedCollection>0</SelectedCollection>
        <SubdocumentCounts>No</SubdocumentCounts>
        <ExpandedItems>
            <ItemID>542C3981-B370-471B-9DA2-012BCD1E3F8F</ItemID>
            <ItemID>10F4354D-3A7C-4644-89D4-E78F142817EF</ItemID>
            <ItemID>DB89B126-9EFD-45C5-8C3A-D5BB5DC45F1F</ItemID>
            <ItemID>1F334A32-A877-410D-9EE5-E995879929A9</ItemID>
            <ItemID>A1A46B36-3966-4B52-9539-53FF1F5CA83E</ItemID>
            <ItemID>91DD5783-4DD6-4C00-8517-8875B63682D5</ItemID>
            <ItemID>A3DD3A1E-F4CE-49EC-AE29-16B50E6857A3</ItemID>
            <ItemID>CC37D200-62D7-48D5-9D45-F1BC97363387</ItemID>
            <ItemID>F1424286-C543-4A74-AC35-8C545112F136</ItemID>
            <ItemID>2CEF044D-4177-4F1F-B71E-720B068C2C07</ItemID>
            <ItemID>EACF3D13-D2FB-4C26-9A4B-2BC018728415</ItemID>
            <ItemID>9DF4E8CC-FFB2-4735-8AA9-B09B61C6BD12</ItemID>
            <ItemID>93471D41-0E3E-4C9B-AA6B-39B0917F8F58</ItemID>
            <ItemID>3E849A8C-1DA4-4685-B928-2F43047A8B30</ItemID>
            <ItemID>FF5E41C3-0DCD-405D-8932-F698FE9E37EA</ItemID>
            <ItemID>AE2350A5-5516-4E22-B2D2-EEE270D9AC9B</ItemID>
            <ItemID>3B116937-F8ED-4618-9C42-921840D97210</ItemID>
            <ItemID>747BE06C-B21A-4F0A-9B27-0EF2629B83A7</ItemID>
            <ItemID>80904571-AFDD-4E1D-B74C-6CD3D2E3D3B8</ItemID>
            <ItemID>69D12EF2-7A3B-4EC5-A003-73B11A649DF6</ItemID>
        </ExpandedItems>
        <Selection>
            <ItemID>4D58821C-2B74-484B-A662-0F0EC2F502BA</ItemID>
        </Selection>
        <SearchResultsSort Titles="Ascending" Dates="Ascending">None</SearchResultsSort>
    </Binder>
    <Inspector Show="No" View="MetaData">
        <ShowProjectBookmarks>No</ShowProjectBookmarks>
        <ShowSimilarTexts>No</ShowSimilarTexts>
        <Collapse>CustomMetaData</Collapse>
        <FootnoteNumbers Prompt="No">No</FootnoteNumbers>
    </Inspector>
    <Split>None</Split>
    <BinderAffects>Current</BinderAffects>
    <Labels>
        <Binder FullWidth="No">No</Binder>
        <Icons>No</Icons>
        <IndexCards>No</IndexCards>
        <OutlinerRows>No</OutlinerRows>
        <ScriveningsTitles>No</ScriveningsTitles>
    </Labels>
    <Corkboards>
        <LabelIndicators>Yes</LabelIndicators>
        <Stamps>No</Stamps>
        <Keywords>No</Keywords>
        <Numbers Restart="No">No</Numbers>
        <SnapToGrid>No</SnapToGrid>
        <BlankCardsAsGhosts>No</BlankCardsAsGhosts>
    </Corkboards>
    <Text>
        <ShowFormatBar>Yes</ShowFormatBar>
        <UseVerticalLayout>No</UseVerticalLayout>
        <ShowScriveningsTitles>No</ShowScriveningsTitles>
        <ShowInvisibles>No</ShowInvisibles>
        <RevisionMode>0</RevisionMode>
        <TextChecking>
            <Spelling>No</Spelling>
            <Grammar>No</Grammar>
            <SmartQuotes>Yes</SmartQuotes>
            <SmartDashes>Yes</SmartDashes>
        </TextChecking>
    </Text>
    <ProjectKeywords>
        <ExpandedItems>
            <ItemID>4</ItemID>
            <ItemID>1</ItemID>
            <ItemID>2</ItemID>
            <ItemID>0</ItemID>
            <ItemID>93</ItemID>
            <ItemID>6</ItemID>
            <ItemID>20</ItemID>
            <ItemID>17</ItemID>
            <ItemID>15</ItemID>
            <ItemID>23</ItemID>
        </ExpandedItems>
    </ProjectKeywords>
    <FullScreen>
        <ShowRuler>No</ShowRuler>
        <PageLayout Facing="No">No</PageLayout>
        <TypewriterScrolling>No</TypewriterScrolling>
    </FullScreen>
    <Editors Primary="Editor2">
        <Editor1>
            <View>
                <ShowHeader>Yes</ShowHeader>
                <ShowFooter>Yes</ShowFooter>
                <GroupsViewMode>Corkboard</GroupsViewMode>
                <CurrentViewMode>Single</CurrentViewMode>
                <SelectionAffects>None</SelectionAffects>
                <NavigationHistory CurrentIndex="0"/>
            </View>
            <Text>
                <ShowRuler>Yes</ShowRuler>
                <PageLayout Facing="No">No</PageLayout>
                <TypewriterScrolling>No</TypewriterScrolling>
                <LineNumbers Interval="1">No</LineNumbers>
                <Selection>0,0</Selection>
            </Text>
            <Outliner>
                <Columns>
                    <ColID>title</ColID>
                    <ColID>topic</ColID>
                    <ColID>keywords</ColID>
                    <ColID>createdDate</ColID>
                    <ColID>allKeywords</ColID>
                </Columns>
                <ExpandedItems>
                    <ItemID>80904571-AFDD-4E1D-B74C-6CD3D2E3D3B8</ItemID>
                    <ItemID>39284AC4-3924-4F86-9795-1F42F72F1DAF</ItemID>
                    <ItemID>69D12EF2-7A3B-4EC5-A003-73B11A649DF6</ItemID>
                </ExpandedItems>
                <TitlesOnly>Yes</TitlesOnly>
                <HideIcons>No</HideIcons>
                <ShowNumbers>No</ShowNumbers>
                <KeywordsAsChips>Yes</KeywordsAsChips>
                <FixedRowHeights>No</FixedRowHeights>
            </Outliner>
            <Corkboard>
                <CardsAcross>-1</CardsAcross>
                <KeywordChips>5</KeywordChips>
                <SizeCardsToFit>Yes</SizeCardsToFit>
                <CardHeightRatio>0.6666</CardHeightRatio>
                <SectionsArrangement>Wrap</SectionsArrangement>
                <LabelThreadsUseColumns>No</LabelThreadsUseColumns>
            </Corkboard>
            <Copyholder PreferredOrientation="Vertical" VerticalPos="Right" HorizontalPos="Bottom">
                <Text>
                    <ShowRuler>No</ShowRuler>
                    <PageLayout Facing="No">No</PageLayout>
                    <TypewriterScrolling>No</TypewriterScrolling>
                    <LineNumbers Interval="1">No</LineNumbers>
                </Text>
            </Copyholder>
        </Editor1>
        <Editor2>
            <View>
                <ShowHeader>Yes</ShowHeader>
                <ShowFooter>Yes</ShowFooter>
                <GroupsViewMode>Scrivenings</GroupsViewMode>
                <CurrentViewMode>Single</CurrentViewMode>
                <SelectionAffects>None</SelectionAffects>
                <Content>
                    <ItemID>4D58821C-2B74-484B-A662-0F0EC2F502BA</ItemID>
                </Content>
                <NavigationHistory CurrentIndex="99">
                    <HistoryItem Type="BinderItems" ViewMode="Single">DB89B126-9EFD-45C5-8C3A-D5BB5DC45F1F</HistoryItem>
                    <HistoryItem Type="BinderItems" ViewMode="Single">853F8F82-967F-49CB-9EBC-D7F3C93F4F10</HistoryItem>
                    <HistoryItem Type="BinderItems" ViewMode="Scrivenings" ScriveningsSelection="0,0">DB89B126-9EFD-45C5-8C3A-D5BB5DC45F1F</HistoryItem>
                    <HistoryItem Type="BinderItems" ViewMode="Single">1F334A32-A877-410D-9EE5-E995879929A9</HistoryItem>
                    <HistoryItem Type="BinderItems" ViewMode="Scrivenings" ScriveningsSelection="0,0">DB89B126-9EFD-45C5-8C3A-D5BB5DC45F1F</HistoryItem>
                    <HistoryItem Type="BinderItems" ViewMode="Scrivenings" ScriveningsSelection="0,0">A1A46B36-3966-4B52-9539-53FF1F5CA83E</HistoryItem>
                    <HistoryItem Type="BinderItems" ViewMode="Scrivenings" ScriveningsSelection="0,0">1F334A32-A877-410D-9EE5-E995879929A9</HistoryItem>
                    <HistoryItem Type="BinderItems" ViewMode="Single">853F8F82-967F-49CB-9EBC-D7F3C93F4F10</HistoryItem>
                    <HistoryItem Type="BinderItems" ViewMode="Single">1BDA0327-605B-4BB4-9146-3C1F463A18D6</HistoryItem>
                    <HistoryItem Type="BinderItems" ViewMode="Scrivenings" ScriveningsSelection="0,0">10F4354D-3A7C-4644-89D4-E78F142817EF</HistoryItem>
                    <HistoryItem Type="BinderItems" ViewMode="Scrivenings" ScriveningsSelection="0,0">91DD5783-4DD6-4C00-8517-8875B63682D5</HistoryItem>
                    <HistoryItem Type="BinderItems" ViewMode="Single">1BDA0327-605B-4BB4-9146-3C1F463A18D6</HistoryItem>
                    <HistoryItem Type="BinderItems" ViewMode="Single">96DE8CCB-ED09-4406-B204-D475F8405DC7</HistoryItem>
                    <HistoryItem Type="BinderItems" ViewMode="Single">B458F9B3-9D47-4E31-A23C-AEDB87CE5220</HistoryItem>
                    <HistoryItem Type="BinderItems" ViewMode="Single">41382D21-DDB3-47D6-9DBD-A43BDEB7D60C</HistoryItem>
                    <HistoryItem Type="BinderItems" ViewMode="Single">B458F9B3-9D47-4E31-A23C-AEDB87CE5220</HistoryItem>
                    <HistoryItem Type="BinderItems" ViewMode="Single">41382D21-DDB3-47D6-9DBD-A43BDEB7D60C</HistoryItem>
                    <HistoryItem Type="BinderItems" ViewMode="Scrivenings" ScriveningsSelection="0,0">A3DD3A1E-F4CE-49EC-AE29-16B50E6857A3</HistoryItem>
                    <HistoryItem Type="BinderItems" ViewMode="Scrivenings" ScriveningsSelection="0,0">D5BEADE1-BBDC-4216-9BB4-99D570340D92</HistoryItem>
                    <HistoryItem Type="BinderItems" ViewMode="Scrivenings" ScriveningsSelection="0,0">B458F9B3-9D47-4E31-A23C-AEDB87CE5220,41382D21-DDB3-47D6-9DBD-A43BDEB7D60C</HistoryItem>
                    <HistoryItem Type="BinderItems" ViewMode="Single">28A91101-275A-4DF9-9CB3-70C4D835DFA9</HistoryItem>
                    <HistoryItem Type="BinderItems" ViewMode="Single">6FFB7995-75C3-4919-88DA-687F48DC2CF3</HistoryItem>
                    <HistoryItem Type="BinderItems" ViewMode="Single">4D58821C-2B74-484B-A662-0F0EC2F502BA</HistoryItem>
                    <HistoryItem Type="BinderItems" ViewMode="Single">ACD4F870-93D0-46B1-AEBA-C160FE6B591A</HistoryItem>
                    <HistoryItem Type="BinderItems" ViewMode="Single">193A3C81-035F-4C83-B98A-3DD961F1DFD7</HistoryItem>
                    <HistoryItem Type="BinderItems" ViewMode="Single">28A91101-275A-4DF9-9CB3-70C4D835DFA9</HistoryItem>
                    <HistoryItem Type="BinderItems" ViewMode="Single">4D58821C-2B74-484B-A662-0F0EC2F502BA</HistoryItem>
                    <HistoryItem Type="BinderItems" ViewMode="Single">6FFB7995-75C3-4919-88DA-687F48DC2CF3</HistoryItem>
                    <HistoryItem Type="BinderItems" ViewMode="Single">2D1728BC-A4DB-4E69-8FA6-38D9827EB143</HistoryItem>
                    <HistoryItem Type="BinderItems" ViewMode="Single">5B38F7ED-7CF8-4ECE-B0DF-A2FDC66B4DE6</HistoryItem>
                    <HistoryItem Type="BinderItems" ViewMode="Single">5946C424-1EB5-4421-801F-C2F9BEEBEBA1</HistoryItem>
                    <HistoryItem Type="BinderItems" ViewMode="Scrivenings" ScriveningsSelection="0,0">BEA8FBB3-8887-437F-800F-5E384A51682F</HistoryItem>
                    <HistoryItem Type="BinderItems" ViewMode="Single">20AA57A6-47DA-40B3-A83C-A2DFE772C323</HistoryItem>
                    <HistoryItem Type="BinderItems" ViewMode="Single">3BC85FD5-0859-4720-99ED-BEEACC2E1E77</HistoryItem>
                    <HistoryItem Type="BinderItems" ViewMode="Single">58A506D6-3579-4491-9926-1E8844442B30</HistoryItem>
                    <HistoryItem Type="BinderItems" ViewMode="Single">3AD0B476-C8D3-431B-8AD7-2CA7CEF9B046</HistoryItem>
                    <HistoryItem Type="BinderItems" ViewMode="Single">B6B4BA2E-8205-4064-B3FF-42758854C928</HistoryItem>
                    <HistoryItem Type="BinderItems" ViewMode="Single">143FC4C6-9213-456B-9682-7AF2D22A5E6A</HistoryItem>
                    <HistoryItem Type="BinderItems" ViewMode="Single">910FA819-842F-457F-8255-050A41E87DB1</HistoryItem>
                    <HistoryItem Type="BinderItems" ViewMode="Single">19DF8594-A0D1-4D9F-AE29-8BB52CD9A90A</HistoryItem>
                    <HistoryItem Type="BinderItems" ViewMode="Single">4F4BBC1C-CDE0-473D-884B-7F6DAD13C1B8</HistoryItem>
                    <HistoryItem Type="BinderItems" ViewMode="Scrivenings" ScriveningsSelection="0,0">01F9112D-698D-4475-8672-C59BD572132A</HistoryItem>
                    <HistoryItem Type="BinderItems" ViewMode="Single">E5744F81-F08C-45DF-AFE4-2C2ECF4D199F</HistoryItem>
                    <HistoryItem Type="BinderItems" ViewMode="Single">8D3BC7B2-AE86-4A56-B0A4-E1A5A3F60D65</HistoryItem>
                    <HistoryItem Type="BinderItems" ViewMode="Single">2484A0FD-D76F-41B3-B80F-77E605399605</HistoryItem>
                    <HistoryItem Type="BinderItems" ViewMode="Single">50988221-93F6-4973-905D-C111B77FD925</HistoryItem>
                    <HistoryItem Type="BinderItems" ViewMode="Single">2484A0FD-D76F-41B3-B80F-77E605399605</HistoryItem>
                    <HistoryItem Type="BinderItems" ViewMode="Single">ADB6DD7C-F28D-4201-A7FC-2642D018C13E</HistoryItem>
                    <HistoryItem Type="BinderItems" ViewMode="Single">BF0B4750-DD1C-4E97-8900-3CADEF87F334</HistoryItem>
                    <HistoryItem Type="BinderItems" ViewMode="Single">3BFC4C37-2F5B-481D-A1A1-2E1D3190CE31</HistoryItem>
                    <HistoryItem Type="BinderItems" ViewMode="Single">E54A0184-4ED4-4A9E-95B2-5B0E4D3B0BDF</HistoryItem>
                    <HistoryItem Type="BinderItems" ViewMode="Single">BF0B4750-DD1C-4E97-8900-3CADEF87F334</HistoryItem>
                    <HistoryItem Type="BinderItems" ViewMode="Single">3BFC4C37-2F5B-481D-A1A1-2E1D3190CE31</HistoryItem>
                    <HistoryItem Type="BinderItems" ViewMode="Single">BA989A73-1B7F-4D8E-9790-9C9AF83EE09D</HistoryItem>
                    <HistoryItem Type="BinderItems" ViewMode="Single">E54A0184-4ED4-4A9E-95B2-5B0E4D3B0BDF</HistoryItem>
                    <HistoryItem Type="BinderItems" ViewMode="Single">D0920011-C97C-4B9E-8CC8-A774E79077CC</HistoryItem>
                    <HistoryItem Type="BinderItems" ViewMode="Scrivenings" ScriveningsSelection="0,0">95335B2E-3B6E-4D0F-9554-97237F9E7524</HistoryItem>
                    <HistoryItem Type="BinderItems" ViewMode="Single">9420870D-A95B-433F-89BA-0DAB5119FC32</HistoryItem>
                    <HistoryItem Type="BinderItems" ViewMode="Single">853F8F82-967F-49CB-9EBC-D7F3C93F4F10</HistoryItem>
                    <HistoryItem Type="BinderItems" ViewMode="Single">1BDA0327-605B-4BB4-9146-3C1F463A18D6</HistoryItem>
                    <HistoryItem Type="BinderItems" ViewMode="Single">4D58821C-2B74-484B-A662-0F0EC2F502BA</HistoryItem>
                    <HistoryItem Type="BinderItems" ViewMode="Scrivenings" ScriveningsSelection="0,0">542C3981-B370-471B-9DA2-012BCD1E3F8F</HistoryItem>
                    <HistoryItem Type="BinderItems" ViewMode="Single">CF76BE91-776D-4E35-9929-396070514132</HistoryItem>
                    <HistoryItem Type="BinderItems" ViewMode="Single">D2595764-DDC7-4286-AB49-A542123A151A</HistoryItem>
                    <HistoryItem Type="BinderItems" ViewMode="Single">D0E9C586-D0D4-4266-833B-62F4FA85CCE9</HistoryItem>
                    <HistoryItem Type="BinderItems" ViewMode="Scrivenings" ScriveningsSelection="0,0">A1A46B36-3966-4B52-9539-53FF1F5CA83E</HistoryItem>
                    <HistoryItem Type="BinderItems" ViewMode="Single">853F8F82-967F-49CB-9EBC-D7F3C93F4F10</HistoryItem>
                    <HistoryItem Type="BinderItems" ViewMode="Single">1BDA0327-605B-4BB4-9146-3C1F463A18D6</HistoryItem>
                    <HistoryItem Type="BinderItems" ViewMode="Single">853F8F82-967F-49CB-9EBC-D7F3C93F4F10</HistoryItem>
                    <HistoryItem Type="BinderItems" ViewMode="Single">1BDA0327-605B-4BB4-9146-3C1F463A18D6</HistoryItem>
                    <HistoryItem Type="BinderItems" ViewMode="Single">96DE8CCB-ED09-4406-B204-D475F8405DC7</HistoryItem>
                    <HistoryItem Type="BinderItems" ViewMode="Single">28A91101-275A-4DF9-9CB3-70C4D835DFA9</HistoryItem>
                    <HistoryItem Type="BinderItems" ViewMode="Scrivenings" ScriveningsSelection="0,0">CC37D200-62D7-48D5-9D45-F1BC97363387</HistoryItem>
                    <HistoryItem Type="BinderItems" ViewMode="Scrivenings" ScriveningsSelection="0,0">F1424286-C543-4A74-AC35-8C545112F136</HistoryItem>
                    <HistoryItem Type="BinderItems" ViewMode="Single">4D58821C-2B74-484B-A662-0F0EC2F502BA</HistoryItem>
                    <HistoryItem Type="BinderItems" ViewMode="Single">75D82775-E983-4837-AA7A-0053FFA4566E</HistoryItem>
                    <HistoryItem Type="BinderItems" ViewMode="Single">28A91101-275A-4DF9-9CB3-70C4D835DFA9</HistoryItem>
                    <HistoryItem Type="BinderItems" ViewMode="Single">75D82775-E983-4837-AA7A-0053FFA4566E</HistoryItem>
                    <HistoryItem Type="BinderItems" ViewMode="Single">5232633D-142A-4346-ADAD-C955C9E6160F</HistoryItem>
                    <HistoryItem Type="BinderItems" ViewMode="Single">4D58821C-2B74-484B-A662-0F0EC2F502BA</HistoryItem>
                    <HistoryItem Type="BinderItems" ViewMode="Single">75D82775-E983-4837-AA7A-0053FFA4566E</HistoryItem>
                    <HistoryItem Type="BinderItems" ViewMode="Single">5232633D-142A-4346-ADAD-C955C9E6160F</HistoryItem>
                    <HistoryItem Type="BinderItems" ViewMode="Single">5946C424-1EB5-4421-801F-C2F9BEEBEBA1</HistoryItem>
                    <HistoryItem Type="BinderItems" ViewMode="Single">955A2813-A608-4216-AF0A-89F2BD230FD3</HistoryItem>
                    <HistoryItem Type="BinderItems" ViewMode="Single">D93ADE3F-2A64-4CDF-B502-4205ED5BA6C6</HistoryItem>
                    <HistoryItem Type="BinderItems" ViewMode="Single">516192A7-2515-415A-B8BA-FAC259095283</HistoryItem>
                    <HistoryItem Type="BinderItems" ViewMode="Single">20AA57A6-47DA-40B3-A83C-A2DFE772C323</HistoryItem>
                    <HistoryItem Type="BinderItems" ViewMode="Single">910FA819-842F-457F-8255-050A41E87DB1</HistoryItem>
                    <HistoryItem Type="BinderItems" ViewMode="Single">19DF8594-A0D1-4D9F-AE29-8BB52CD9A90A</HistoryItem>
                    <HistoryItem Type="BinderItems" ViewMode="Single">6FFB7995-75C3-4919-88DA-687F48DC2CF3</HistoryItem>
                    <HistoryItem Type="BinderItems" ViewMode="Single">4D58821C-2B74-484B-A662-0F0EC2F502BA</HistoryItem>
                    <HistoryItem Type="BinderItems" ViewMode="Single">ACD4F870-93D0-46B1-AEBA-C160FE6B591A</HistoryItem>
                    <HistoryItem Type="BinderItems" ViewMode="Single">193A3C81-035F-4C83-B98A-3DD961F1DFD7</HistoryItem>
                    <HistoryItem Type="BinderItems" ViewMode="Single">4D58821C-2B74-484B-A662-0F0EC2F502BA</HistoryItem>
                    <HistoryItem Type="BinderItems" ViewMode="Single">ACD4F870-93D0-46B1-AEBA-C160FE6B591A</HistoryItem>
                    <HistoryItem Type="BinderItems" ViewMode="Single">4D58821C-2B74-484B-A662-0F0EC2F502BA</HistoryItem>
                    <HistoryItem Type="BinderItems" ViewMode="Single">AB1D9219-5D5B-4AFF-97A2-4FCC197E480C</HistoryItem>
                    <HistoryItem Type="BinderItems" ViewMode="Single">4D58821C-2B74-484B-A662-0F0EC2F502BA</HistoryItem>
                    <HistoryItem Type="BinderItems" ViewMode="Single">AB1D9219-5D5B-4AFF-97A2-4FCC197E480C</HistoryItem>
                    <HistoryItem Type="BinderItems" ViewMode="Single">4D58821C-2B74-484B-A662-0F0EC2F502BA</HistoryItem>
                </NavigationHistory>
            </View>
            <Text>
                <ShowRuler>No</ShowRuler>
                <PageLayout Facing="No">No</PageLayout>
                <TypewriterScrolling>No</TypewriterScrolling>
                <LineNumbers Interval="1">No</LineNumbers>
                <Selection>23984,0</Selection>
            </Text>
            <Outliner>
                <Columns>
                    <ColID>title</ColID>
                    <ColID>label</ColID>
                    <ColID>status</ColID>
                    <ColID>sectionType</ColID>
                    <ColID>allKeywords</ColID>
                </Columns>
                <TitlesOnly>Yes</TitlesOnly>
                <HideIcons>No</HideIcons>
                <ShowNumbers>No</ShowNumbers>
                <KeywordsAsChips>Yes</KeywordsAsChips>
                <FixedRowHeights>No</FixedRowHeights>
            </Outliner>
            <Corkboard>
                <CardsAcross>-1</CardsAcross>
                <KeywordChips>5</KeywordChips>
                <SizeCardsToFit>Yes</SizeCardsToFit>
                <CardHeightRatio>0.6666</CardHeightRatio>
                <SectionsArrangement>Wrap</SectionsArrangement>
                <LabelThreadsUseColumns>No</LabelThreadsUseColumns>
            </Corkboard>
            <Copyholder PreferredOrientation="Vertical" VerticalPos="Right" HorizontalPos="Bottom">
                <Text>
                    <ShowRuler>No</ShowRuler>
                    <PageLayout Facing="No">No</PageLayout>
                    <TypewriterScrolling>No</TypewriterScrolling>
                    <LineNumbers Interval="1">No</LineNumbers>
                </Text>
            </Copyholder>
        </Editor2>
    </Editors>
</UIStates>