<?xml version="1.0" encoding="UTF-8"?>
<Comments>
    <Comment ID="FED7D714-357F-495F-9A20-38CA10C36EA5" Color="0.891221 1.0 0.839521"><![CDATA[{\rtf1\ansi\ansicpg1252\cocoartf1671\cocoasubrtf600
{\fonttbl\f0\fswiss\fcharset0 Helvetica;}
{\colortbl;\red255\green255\blue255;}
{\*\expandedcolortbl;;}
\pard\tx560\tx1120\tx1680\tx2240\tx2800\tx3360\tx3920\tx4480\tx5040\tx5600\tx6160\tx6720\pardirnatural\partightenfactor0

\f0\fs24 \cf0 Jonathan Armoza 2019-10-29, 1:36 PM Cite example(s) here}]]></Comment>
    <Comment ID="A2E5D4DC-332C-4CCA-AA12-B95D071860BA" Footnote="Yes" Color="0.949769 0.949769 0.949769"><![CDATA[{\rtf1\ansi\ansicpg1252\cocoartf1671\cocoasubrtf600
{\fonttbl\f0\fswiss\fcharset0 Helvetica;\f1\fswiss\fcharset0 Helvetica-Oblique;}
{\colortbl;\red255\green255\blue255;}
{\*\expandedcolortbl;;}
\pard\tx560\tx1120\tx1680\tx2240\tx2800\tx3360\tx3920\tx4480\tx5040\tx5600\tx6160\tx6720\pardirnatural\partightenfactor0

\f0\fs24 \cf0 Sebastian-Coleman, Laura. 
\f1\i Measuring Data Quality for Ongoing Improvement
\f0\i0 . Waltham, MA, Morgan Kaufmann, 2013.}]]></Comment>
    <Comment ID="C8487602-C71F-4555-99A3-F7C24E2ECCFE" Footnote="Yes" Color="0.949769 0.949769 0.949769"><![CDATA[{\rtf1\ansi\ansicpg1252\cocoartf1671\cocoasubrtf600
{\fonttbl\f0\fswiss\fcharset0 Helvetica;}
{\colortbl;\red255\green255\blue255;}
{\*\expandedcolortbl;;}
\pard\tx560\tx1120\tx1680\tx2240\tx2800\tx3360\tx3920\tx4480\tx5040\tx5600\tx6160\tx6720\pardirnatural\partightenfactor0

\f0\fs24 \cf0 If reading about a healthcare information scientist in the beginning of a work on literary modeling seems askew \'96 stay tuned.}]]></Comment>
    <Comment ID="D106503B-7F5B-4464-BD61-B6DE68948A7A" Color="0.891221 1.0 0.839521"><![CDATA[{\rtf1\ansi\ansicpg1252\cocoartf1671\cocoasubrtf600
{\fonttbl\f0\fswiss\fcharset0 Helvetica;}
{\colortbl;\red255\green255\blue255;}
{\*\expandedcolortbl;;}
\pard\tx560\tx1120\tx1680\tx2240\tx2800\tx3360\tx3920\tx4480\tx5040\tx5600\tx6160\tx6720\pardirnatural\partightenfactor0

\f0\fs24 \cf0 Jonathan Armoza 2019-10-29, 4:14 PM Seek citation}]]></Comment>
    <Comment ID="507D1B2D-97CC-4DF7-B71C-2601BE1A0A4F" Color="0.891221 1.0 0.839521"><![CDATA[{\rtf1\ansi\ansicpg1252\cocoartf1671\cocoasubrtf600
{\fonttbl\f0\fswiss\fcharset0 Helvetica;}
{\colortbl;\red255\green255\blue255;}
{\*\expandedcolortbl;;}
\pard\tx560\tx1120\tx1680\tx2240\tx2800\tx3360\tx3920\tx4480\tx5040\tx5600\tx6160\tx6720\pardirnatural\partightenfactor0

\f0\fs24 \cf0 Jonathan Armoza 2019-10-29, 4:22 PM Cite examples of such noise and error based reasoning}]]></Comment>
</Comments>