<?xml version="1.0" encoding="UTF-8"?>
<Comments>
    <Comment ID="DFA5B68D-27C3-4463-A341-9FE2E4142EB4" Color="0.891221 1.0 0.839521"><![CDATA[{\rtf1\ansi\ansicpg1252\cocoartf1671\cocoasubrtf600
{\fonttbl\f0\fswiss\fcharset0 Helvetica;}
{\colortbl;\red255\green255\blue255;}
{\*\expandedcolortbl;;}
\pard\tx560\tx1120\tx1680\tx2240\tx2800\tx3360\tx3920\tx4480\tx5040\tx5600\tx6160\tx6720\pardirnatural\partightenfactor0

\f0\fs24 \cf0 Jonathan Armoza 2019-10-29, 1:36 PM Cite example(s) here}]]></Comment>
    <Comment ID="3AFA1F72-36F5-4DF8-A07A-641B12714DC2" Footnote="Yes" Color="0.949769 0.949769 0.949769"><![CDATA[{\rtf1\ansi\ansicpg1252\cocoartf1671\cocoasubrtf600
{\fonttbl\f0\fswiss\fcharset0 Helvetica;\f1\fswiss\fcharset0 Helvetica-Oblique;}
{\colortbl;\red255\green255\blue255;}
{\*\expandedcolortbl;;}
\pard\tx560\tx1120\tx1680\tx2240\tx2800\tx3360\tx3920\tx4480\tx5040\tx5600\tx6160\tx6720\pardirnatural\partightenfactor0

\f0\fs24 \cf0 Sebastian-Coleman, Laura. 
\f1\i Measuring Data Quality for Ongoing Improvement
\f0\i0 . Waltham, MA, Morgan Kaufmann, 2013.}]]></Comment>
    <Comment ID="54D21120-D6A8-4BDC-99BB-DCEE84061737" Footnote="Yes" Color="0.949769 0.949769 0.949769"><![CDATA[{\rtf1\ansi\ansicpg1252\cocoartf1671\cocoasubrtf600
{\fonttbl\f0\fswiss\fcharset0 Helvetica;}
{\colortbl;\red255\green255\blue255;}
{\*\expandedcolortbl;;}
\pard\tx560\tx1120\tx1680\tx2240\tx2800\tx3360\tx3920\tx4480\tx5040\tx5600\tx6160\tx6720\pardirnatural\partightenfactor0

\f0\fs24 \cf0 If reading about a healthcare information scientist in the beginning of a work on literary modeling seems askew \'96 stay tuned.}]]></Comment>
    <Comment ID="BACCDDF4-3A45-4675-95CD-DCA4BCA2F1A2" Color="0.891221 1.0 0.839521"><![CDATA[{\rtf1\ansi\ansicpg1252\cocoartf1671\cocoasubrtf600
{\fonttbl\f0\fswiss\fcharset0 Helvetica;}
{\colortbl;\red255\green255\blue255;}
{\*\expandedcolortbl;;}
\pard\tx560\tx1120\tx1680\tx2240\tx2800\tx3360\tx3920\tx4480\tx5040\tx5600\tx6160\tx6720\pardirnatural\partightenfactor0

\f0\fs24 \cf0 Jonathan Armoza 2019-10-29, 4:14 PM Seek citation}]]></Comment>
    <Comment ID="82553D03-2F33-4A39-AA7D-EBC0632B0B5A" Color="0.891221 1.0 0.839521"><![CDATA[{\rtf1\ansi\ansicpg1252\cocoartf1671\cocoasubrtf600
{\fonttbl\f0\fswiss\fcharset0 Helvetica;}
{\colortbl;\red255\green255\blue255;}
{\*\expandedcolortbl;;}
\pard\tx560\tx1120\tx1680\tx2240\tx2800\tx3360\tx3920\tx4480\tx5040\tx5600\tx6160\tx6720\pardirnatural\partightenfactor0

\f0\fs24 \cf0 Jonathan Armoza 2019-10-29, 4:22 PM Cite examples of such noise and error based reasoning}]]></Comment>
</Comments>